{
  "dataset": "/inspire/hdd/project/fdu-aidake-cfff/public/fangyukai/final_pj/Task2/data/calvin-lerobot/splitD",
  "env_b_results": {
    "num_samples": 308918,
    "mean_l1_loss": 0.7659693606961082,
    "std_l1_loss": 0.23156827503132638,
    "mean_mse_loss": 0.6403329275261888,
    "per_timestep_l1_mean": [
      0.6927839129250971,
      0.7024656869278133,
      0.7090236705783635,
      0.7145819013576737,
      0.7232077498014408,
      0.7284686502809353,
      0.7301779850987092,
      0.7393621711887347,
      0.7443421846755375,
      0.7492061930901335,
      0.7578915484089066,
      0.759530838654572,
      0.764067870913016,
      0.7687087653253806,
      0.77509784913962,
      0.7815039626488423,
      0.7835402903105559,
      0.7875119726460482,
      0.7932260726137279,
      0.7930161884949398,
      0.7954646456652493,
      0.7960845373597158,
      0.7996620921387586,
      0.8002013206278961,
      0.8008207791525989,
      0.8012084212387222,
      0.7988618303604327,
      0.7993974829694981,
      0.7976924753318588,
      0.7918038191792818
    ],
    "per_timestep_l1_std": [
      0.23309893099786666,
      0.2293998355571202,
      0.22607460826347014,
      0.22174750604362592,
      0.21971213701396894,
      0.21908608646945738,
      0.21801003397582167,
      0.2211137752492886,
      0.2242687681480224,
      0.2294324446600472,
      0.2355600708152438,
      0.23776826463013018,
      0.24296576229909156,
      0.2493431798031173,
      0.2524750771962834,
      0.25743930774770785,
      0.25978744017627375,
      0.26445435136320666,
      0.26749536886435676,
      0.2662209451149469,
      0.2664424552511974,
      0.2662529893920821,
      0.26561466877743095,
      0.2647053442347011,
      0.2639871272467273,
      0.26234150726253297,
      0.2620962902354212,
      0.2622386485367228,
      0.2624470044731594,
      0.26178783907843123
    ],
    "early_chunk_mean_l1": 0.7372611318910621,
    "late_chunk_mean_l1": 0.7946663927158752,
    "chunk_error_growth": 0.05740526082481312
  },
  "env_abc_results": {
    "num_samples": 308918,
    "mean_l1_loss": 0.6877627973788597,
    "std_l1_loss": 0.2626386957179693,
    "mean_mse_loss": 0.5419967499468303,
    "per_timestep_l1_mean": [
      0.6048629094310366,
      0.6130766955148163,
      0.6161150418307616,
      0.6177669136976175,
      0.6176611176924056,
      0.6196632638017207,
      0.6216730856698802,
      0.6254945794872512,
      0.6295525378030336,
      0.6368067327316489,
      0.6445595536783094,
      0.6532339297195652,
      0.6625220254395463,
      0.6709815759720369,
      0.6806951213521165,
      0.6919970098147425,
      0.7009331103580612,
      0.7087406235675072,
      0.7181427858218856,
      0.724109960904008,
      0.7319242400496346,
      0.7384818560293904,
      0.7459581948786678,
      0.754138286285888,
      0.7604339849253989,
      0.76498921736087,
      0.7717413661022512,
      0.7694495324912107,
      0.7697077263636707,
      0.7674949017677688
    ],
    "per_timestep_l1_std": [
      0.24675576460159637,
      0.24759307083466753,
      0.24619273091106667,
      0.24461569737584926,
      0.2427226069893204,
      0.24174289650171327,
      0.24082914432423783,
      0.2415085301779668,
      0.2422440996089386,
      0.24482570835374737,
      0.2483181541149318,
      0.25170101522062793,
      0.2553237229668314,
      0.25867745103398226,
      0.2621633890951679,
      0.26645250827051437,
      0.2692307582887575,
      0.2714701913594968,
      0.2733409132655465,
      0.27373711089921815,
      0.2748455517005428,
      0.2765960450599771,
      0.2783976532415917,
      0.2809202570792989,
      0.28224770114765224,
      0.28318889870302294,
      0.28543671288492023,
      0.28468590754533046,
      0.28369367629237785,
      0.28337692302382916
    ],
    "early_chunk_mean_l1": 0.6343110055881165,
    "late_chunk_mean_l1": 0.7412161864480636,
    "chunk_error_growth": 0.10690518085994716
  },
  "comparison": {
    "l1_diff": -0.07820656331724851,
    "l1_relative_change_pct": -10.210142510945198,
    "mse_diff": -0.09833617757935842,
    "chunk_growth_diff": 0.04949992003513404
  }
}